id,customer_id,product_id,shipper_id,quantity,discount,order_date,order_time,rating_review
1,27,162,292,2,50,21/04/2023,20:28:53,
2,40,347,397,9,15,29/04/2023,13:46:55,
3,165,126,297,6,5,15/07/2023,7:03:50,5
4,83,382,21,4,45,03/03/2023,23:23:31,
5,271,271,412,3,0,13/07/2023,18:52:58,4
6,19,265,386,8,35,04/05/2023,1:30:38,4
7,123,129,90,1,0,03/02/2023,13:05:55,
8,491,138,413,9,40,16/07/2023,22:39:32,1
9,234,485,300,4,15,12/03/2023,13:13:26,1
10,2,294,40,8,25,21/12/2023,15:21:38,3
11,335,123,40,3,15,24/04/2023,3:17:23,3
12,249,110,277,7,30,08/11/2023,6:46:00,2
13,206,404,347,9,25,20/03/2023,21:05:24,3
14,185,48,171,7,20,31/08/2023,20:51:08,4
15,135,311,312,2,10,15/02/2023,7:56:56,1
16,459,32,212,1,45,02/10/2023,20:04:55,1
17,458,319,157,3,20,19/07/2023,19:38:09,4
18,135,58,461,7,0,30/06/2023,5:40:33,
19,119,377,63,10,20,04/05/2023,8:33:27,3
20,229,309,408,10,5,17/07/2023,3:18:56,3
21,439,281,385,3,10,07/09/2023,10:46:57,4
22,344,422,382,9,25,30/07/2023,15:12:01,2
23,259,494,138,5,20,24/11/2023,2:07:34,
24,239,483,7,6,15,19/10/2023,8:27:19,2
25,70,90,131,6,25,04/04/2023,21:32:28,5
26,141,22,277,3,25,29/03/2023,0:32:55,3
27,356,418,23,10,5,05/12/2023,8:25:24,
28,19,475,351,5,30,10/05/2023,3:40:27,4
29,443,99,336,5,45,25/09/2023,9:37:24,2
30,272,152,33,10,50,05/12/2023,11:48:15,3
31,74,195,469,9,40,04/09/2023,16:13:30,
32,293,454,388,8,45,08/11/2023,22:31:54,5
33,251,241,308,4,50,20/12/2023,1:14:49,2
34,56,75,250,6,45,01/01/2023,4:02:37,5
35,444,7,64,7,50,22/07/2023,7:33:57,
36,8,20,455,1,10,18/01/2023,22:12:37,
37,499,410,167,4,35,31/08/2023,18:03:59,3
38,323,407,355,4,15,03/03/2023,11:56:25,1
39,484,331,330,3,45,13/11/2023,1:57:19,2
40,140,88,357,5,40,27/11/2023,9:18:55,
41,148,10,144,10,50,25/12/2023,22:42:56,
42,186,364,8,9,30,18/10/2023,11:43:12,
43,68,389,98,3,0,22/08/2023,9:26:37,
44,432,485,169,6,25,05/04/2023,23:57:09,2
45,120,89,243,7,15,19/10/2023,15:24:40,1
46,199,380,130,6,0,27/10/2023,22:12:42,5
47,202,379,301,4,10,11/06/2023,23:42:56,1
48,379,210,126,1,20,27/11/2023,4:07:33,
49,130,20,446,8,5,05/07/2023,20:54:51,
50,166,238,421,10,15,18/11/2023,2:58:56,
51,294,99,414,10,25,05/07/2023,16:04:09,2
52,476,169,322,10,30,03/08/2023,0:17:29,5
53,320,284,103,5,15,17/07/2023,9:11:30,
54,123,130,224,7,30,03/01/2023,6:31:32,4
55,313,435,215,6,30,02/06/2023,10:21:56,1
56,469,124,430,3,30,17/02/2023,19:55:51,5
57,76,475,105,4,10,18/06/2023,23:55:33,3
58,438,281,497,6,40,16/07/2023,15:24:01,2
59,202,17,38,7,35,23/09/2023,19:30:27,5
60,479,31,489,1,50,26/03/2023,0:53:54,4
61,61,426,429,4,0,09/11/2023,9:23:32,5
62,84,150,134,9,45,09/04/2023,17:18:58,4
63,227,12,384,4,15,27/01/2023,10:09:42,
64,352,405,300,9,20,09/07/2023,18:16:33,5
65,390,463,342,8,45,27/06/2023,7:17:54,4
66,481,194,337,5,10,01/02/2023,8:50:55,
67,432,201,6,2,15,09/03/2023,10:21:25,3
68,120,282,51,6,5,11/09/2023,0:55:42,1
69,110,174,3,8,40,18/11/2023,10:21:43,3
70,147,100,137,5,5,23/01/2023,14:05:52,4
71,300,166,486,8,20,05/07/2023,22:06:42,5
72,69,412,263,3,20,15/12/2023,8:00:16,1
73,479,221,357,2,10,14/04/2023,23:32:46,
74,496,491,320,1,30,05/12/2023,10:48:05,5
75,424,166,153,5,20,27/11/2023,15:19:43,5
76,173,345,46,3,50,30/04/2023,16:10:56,3
77,415,328,337,9,5,02/03/2023,18:19:21,2
78,358,217,48,8,25,05/01/2023,14:54:24,
79,283,115,120,1,15,17/05/2023,18:20:50,3
80,36,375,87,4,10,25/03/2023,5:25:13,2
81,90,101,269,3,45,11/12/2023,9:31:06,3
82,243,473,463,6,35,23/07/2023,21:49:52,1
83,157,165,446,3,15,08/05/2023,14:33:52,
84,34,198,156,1,5,16/11/2023,5:06:37,
85,338,235,243,2,25,25/01/2023,18:13:21,
86,376,5,332,10,15,23/02/2023,11:35:00,1
87,34,16,480,6,5,08/05/2023,4:58:10,3
88,71,428,487,9,35,06/11/2023,6:57:55,
89,246,355,393,6,50,02/03/2023,8:05:40,4
90,330,77,243,10,20,11/05/2023,13:11:22,4
91,176,307,162,6,35,11/09/2023,2:28:16,1
92,238,141,55,7,25,29/06/2023,5:51:15,2
93,14,107,179,5,40,04/04/2023,13:35:39,5
94,102,292,370,5,45,01/02/2023,13:48:26,4
95,146,200,419,10,45,30/03/2023,11:36:46,
96,441,463,78,1,5,13/08/2023,11:04:21,1
97,130,265,78,8,50,14/12/2023,16:23:29,4
98,202,111,250,9,20,13/03/2023,6:20:48,3
99,406,95,224,7,15,11/06/2023,11:02:29,5
100,486,183,244,3,5,15/11/2023,16:01:53,3
101,26,52,145,6,5,29/06/2023,20:49:54,5
102,493,200,341,2,45,16/12/2023,22:33:53,1
103,318,71,388,8,0,09/05/2023,3:31:44,
104,373,368,412,9,45,22/04/2023,18:26:11,2
105,387,348,436,8,50,05/11/2023,17:53:00,1
106,476,93,91,2,20,22/06/2023,21:00:33,4
107,41,416,358,7,35,09/05/2023,21:36:44,5
108,11,171,369,6,35,06/02/2023,18:05:00,3
109,18,322,241,8,50,31/10/2023,6:34:18,
110,62,477,351,4,30,13/08/2023,23:14:21,1
111,366,123,304,4,20,04/09/2023,23:36:16,5
112,154,136,154,8,30,24/10/2023,23:17:16,3
113,258,217,368,4,30,26/12/2023,18:17:38,5
114,437,270,99,10,50,07/05/2023,8:43:44,3
115,226,379,170,2,10,25/04/2023,23:47:29,
116,262,253,332,6,10,22/11/2023,22:52:01,4
117,411,16,47,1,20,30/09/2023,10:52:18,
118,245,309,224,2,40,22/02/2023,7:23:31,2
119,265,135,96,4,10,12/10/2023,0:27:03,2
120,161,97,130,3,20,04/01/2023,23:40:25,4
121,349,384,110,7,25,04/09/2023,0:26:58,5
122,143,310,155,1,10,23/10/2023,21:50:09,3
123,422,397,4,9,15,14/10/2023,2:42:17,4
124,14,237,33,1,30,11/03/2023,10:48:32,2
125,152,134,435,6,15,15/01/2023,2:14:13,
126,338,380,486,6,45,24/02/2023,12:14:44,1
127,399,371,389,1,40,26/06/2023,12:58:37,2
128,93,389,436,1,15,16/08/2023,14:30:49,2
129,64,236,21,7,15,12/09/2023,3:56:15,
130,161,220,500,6,45,03/07/2023,21:42:48,5
131,243,240,402,9,0,17/05/2023,23:33:09,1
132,34,197,449,1,40,23/08/2023,17:42:09,2
133,91,421,464,10,10,09/09/2023,21:56:31,1
134,119,458,404,4,40,23/11/2023,12:30:47,5
135,381,288,148,9,0,07/07/2023,17:51:03,2
136,9,160,54,4,20,24/04/2023,8:34:00,
137,298,369,454,2,10,26/10/2023,15:51:19,5
138,336,123,500,4,40,11/06/2023,1:34:11,3
139,2,40,318,6,30,21/10/2023,16:40:07,2
140,287,270,238,7,20,29/04/2023,3:57:01,3
141,1,118,266,10,50,18/12/2023,0:48:14,3
142,378,191,193,9,20,06/08/2023,23:24:41,4
143,433,45,233,2,50,29/01/2023,4:37:22,
144,478,318,80,6,10,24/05/2023,3:25:15,2
145,280,236,379,6,20,13/05/2023,15:51:20,2
146,410,270,195,1,15,25/04/2023,13:31:41,
147,123,315,179,8,25,17/08/2023,5:37:47,3
148,60,135,17,6,45,24/12/2023,15:52:01,2
149,360,228,11,8,10,13/07/2023,1:17:30,5
150,349,1,159,7,0,16/04/2023,10:40:27,1
151,396,201,390,7,20,09/07/2023,5:36:17,1
152,261,55,494,5,20,02/10/2023,19:21:20,4
153,129,231,437,6,35,25/06/2023,15:12:35,
154,324,259,327,5,25,17/11/2023,1:25:21,5
155,454,261,295,7,25,04/02/2023,13:54:28,4
156,220,160,66,6,25,19/05/2023,17:40:08,5
157,59,19,100,7,10,11/06/2023,14:43:47,2
158,434,23,263,5,15,07/06/2023,14:36:06,5
159,43,452,214,5,45,08/01/2023,10:05:59,2
160,383,191,354,10,10,31/08/2023,11:35:58,2
161,17,455,295,9,40,22/05/2023,21:06:06,1
162,333,324,94,8,20,04/09/2023,20:19:28,3
163,232,489,190,6,40,30/06/2023,3:08:52,1
164,82,339,477,10,10,10/01/2023,1:00:16,4
165,319,328,496,9,0,15/02/2023,18:47:24,5
166,188,457,38,10,40,23/03/2023,20:53:01,3
167,311,481,176,8,30,13/11/2023,17:06:49,5
168,57,393,346,1,35,25/04/2023,9:46:09,2
169,75,299,319,4,45,22/01/2023,13:41:04,
170,454,177,32,5,20,12/08/2023,17:08:16,4
171,468,452,274,3,30,24/04/2023,23:01:13,4
172,375,413,153,1,30,01/12/2023,15:26:40,5
173,120,174,46,1,25,11/01/2023,9:26:39,
174,466,341,43,6,20,18/10/2023,22:17:29,
175,317,104,349,2,5,01/11/2023,7:59:22,3
176,473,322,4,10,0,18/12/2023,10:14:20,5
177,341,476,112,1,0,23/03/2023,23:03:31,2
178,123,229,338,7,45,09/10/2023,4:46:33,1
179,288,162,317,2,50,12/10/2023,16:58:42,5
180,294,382,447,8,50,09/12/2023,14:01:52,2
181,90,311,412,8,20,22/08/2023,14:36:15,
182,94,224,201,7,20,23/11/2023,7:48:46,
183,480,99,90,8,35,05/12/2023,23:53:50,1
184,262,183,61,9,35,25/12/2023,13:58:37,1
185,57,395,195,2,30,22/10/2023,21:53:09,2
186,332,178,73,9,50,21/09/2023,2:01:02,4
187,152,471,298,8,5,30/11/2023,1:36:25,5
188,162,96,285,10,5,17/05/2023,13:33:13,1
189,11,197,70,7,5,12/11/2023,7:13:46,4
190,154,439,488,10,5,08/03/2023,11:57:45,1
191,493,64,407,10,0,20/04/2023,3:32:11,3
192,360,49,202,4,40,02/09/2023,16:48:51,2
193,358,90,135,2,25,08/06/2023,12:41:48,3
194,500,262,225,3,15,20/05/2023,19:00:15,4
195,241,323,272,5,50,28/10/2023,0:50:05,3
196,23,5,468,9,10,18/10/2023,2:25:46,
197,31,18,231,6,50,07/10/2023,3:54:12,4
198,344,41,395,7,40,11/11/2023,20:06:57,4
199,36,395,160,1,0,26/05/2023,19:40:04,2
200,156,205,219,2,50,18/07/2023,3:42:17,
201,64,483,328,5,40,18/02/2023,20:21:13,2
202,81,416,17,10,25,03/01/2023,10:10:31,3
203,205,377,243,8,45,10/07/2023,17:14:50,2
204,415,490,96,1,40,16/04/2023,9:55:29,1
205,423,60,250,6,45,29/06/2023,11:52:24,4
206,303,393,130,3,50,01/06/2023,12:03:28,
207,117,130,91,1,45,18/05/2023,10:47:07,
208,417,443,392,3,30,13/11/2023,5:19:03,1
209,92,281,260,10,45,17/12/2023,5:17:04,1
210,188,351,80,8,0,12/08/2023,1:57:30,4
211,206,479,51,1,20,19/09/2023,16:14:48,1
212,231,119,369,10,20,10/09/2023,0:55:08,5
213,106,212,215,3,5,25/07/2023,2:15:50,2
214,307,171,6,2,25,08/08/2023,5:02:15,5
215,410,17,204,2,0,20/03/2023,14:28:16,2
216,107,315,56,8,50,09/10/2023,23:49:04,2
217,398,320,88,5,30,02/11/2023,11:36:13,4
218,371,333,304,10,40,03/12/2023,18:00:03,2
219,216,143,474,1,0,04/05/2023,6:16:32,3
220,311,186,274,10,25,09/10/2023,6:22:00,3
221,206,155,329,1,50,26/12/2023,20:48:59,5
222,100,271,101,5,35,17/11/2023,8:58:25,
223,45,135,340,7,20,08/06/2023,18:27:05,2
224,286,331,419,10,10,27/01/2023,12:20:51,1
225,388,435,4,7,5,11/01/2023,19:38:59,3
226,30,151,101,1,0,28/05/2023,5:00:49,1
227,32,228,398,6,15,29/12/2023,6:29:59,5
228,436,104,312,9,30,07/09/2023,8:06:18,5
229,168,250,208,3,5,03/10/2023,2:55:46,5
230,115,277,231,7,10,23/07/2023,9:22:01,1
231,351,78,398,5,40,31/03/2023,3:55:44,3
232,120,50,101,7,45,12/12/2023,15:02:20,3
233,214,387,392,1,35,13/08/2023,18:08:30,3
234,452,235,141,7,35,01/03/2023,10:15:50,
235,127,373,397,7,20,06/04/2023,18:24:39,1
236,87,255,414,7,0,21/12/2023,21:33:43,3
237,225,412,378,9,30,02/11/2023,14:24:21,2
238,419,349,118,6,50,15/05/2023,21:55:23,
239,400,406,267,2,40,08/01/2023,12:23:07,
240,157,477,41,10,5,04/10/2023,21:39:11,1
241,124,120,221,5,20,15/11/2023,12:41:22,4
242,206,85,339,3,35,19/08/2023,3:20:07,
243,468,138,169,4,30,06/05/2023,5:47:31,5
244,466,407,68,2,0,28/09/2023,15:41:51,4
245,346,28,208,5,20,10/04/2023,15:51:19,2
246,210,337,233,8,20,04/12/2023,1:34:17,2
247,313,428,222,10,20,17/05/2023,15:17:16,3
248,151,221,364,9,20,24/07/2023,17:27:59,5
249,275,270,456,5,25,29/08/2023,8:40:20,1
250,349,256,218,10,15,25/05/2023,23:51:36,4
251,109,369,50,5,20,31/07/2023,6:52:31,
252,411,406,267,9,20,20/06/2023,5:39:55,3
253,1,143,482,4,10,05/08/2023,20:58:29,
254,457,448,408,6,5,08/05/2023,7:53:34,5
255,297,265,208,8,50,14/04/2023,19:59:13,
256,217,205,201,6,30,19/12/2023,18:34:17,2
257,377,271,262,8,45,23/04/2023,21:49:06,
258,137,41,179,9,10,22/04/2023,14:07:27,
259,204,373,360,9,50,24/06/2023,18:56:48,4
260,153,401,9,5,10,17/11/2023,22:37:07,5
261,446,301,440,9,0,16/03/2023,5:58:48,1
262,353,328,344,9,0,21/04/2023,17:43:08,4
263,70,145,450,5,15,06/03/2023,7:57:17,1
264,68,426,437,8,25,26/05/2023,9:26:56,2
265,271,96,118,3,5,30/07/2023,8:52:09,2
266,128,267,487,9,25,06/05/2023,10:39:39,2
267,44,283,483,5,15,23/04/2023,20:46:46,3
268,7,269,261,3,50,06/05/2023,10:48:32,3
269,89,99,274,2,40,07/04/2023,18:36:43,1
270,236,190,479,4,50,24/07/2023,1:16:07,
271,250,17,360,8,20,03/10/2023,12:18:02,5
272,76,227,394,4,50,29/09/2023,3:12:17,5
273,69,415,78,2,5,28/07/2023,1:26:41,3
274,398,211,121,9,10,08/11/2023,2:28:01,2
275,467,94,468,10,40,11/12/2023,9:22:55,3
276,382,475,9,2,15,15/06/2023,6:55:22,1
277,324,175,139,6,10,21/10/2023,7:48:34,2
278,166,195,176,6,15,28/08/2023,0:09:28,4
279,274,20,252,10,45,18/08/2023,15:23:59,5
280,366,116,386,3,5,06/04/2023,15:23:41,4
281,219,224,2,1,50,07/10/2023,1:39:35,
282,269,189,402,8,35,13/12/2023,12:32:17,3
283,212,444,91,2,5,03/03/2023,10:29:12,5
284,433,444,150,3,40,22/02/2023,12:51:34,5
285,219,211,455,6,5,26/11/2023,12:05:07,1
286,387,44,437,3,45,04/09/2023,15:26:41,4
287,338,480,469,4,50,28/09/2023,23:47:35,2
288,217,183,394,4,30,28/03/2023,1:16:25,
289,432,256,455,10,50,20/04/2023,9:03:44,1
290,415,51,215,7,0,25/08/2023,8:31:59,1
291,418,374,184,5,15,07/05/2023,18:07:24,4
292,252,265,493,4,25,10/05/2023,18:01:13,4
293,487,312,188,8,20,05/06/2023,2:35:14,4
294,113,278,468,8,30,21/10/2023,17:59:45,4
295,441,232,11,10,5,21/11/2023,6:54:22,2
296,368,93,444,5,10,29/01/2023,19:11:35,2
297,496,477,107,5,45,09/09/2023,4:02:25,5
298,463,61,471,4,20,12/08/2023,9:17:16,3
299,269,287,42,10,10,21/07/2023,19:00:05,4
300,399,85,479,3,35,18/12/2023,17:55:56,1
301,150,45,234,1,45,15/02/2023,8:26:55,
302,157,96,105,2,25,24/11/2023,5:33:04,5
303,278,244,250,4,10,10/04/2023,23:44:40,4
304,422,107,225,9,5,26/10/2023,10:52:49,5
305,230,311,376,5,10,05/04/2023,9:57:48,5
306,262,250,243,7,20,05/08/2023,3:06:44,
307,455,110,138,9,25,16/11/2023,16:54:53,2
308,283,188,22,7,0,28/08/2023,23:56:56,
309,284,236,45,5,30,16/06/2023,11:27:57,
310,11,471,324,6,30,01/05/2023,18:48:39,3
311,134,420,208,2,0,07/02/2023,2:25:02,2
312,492,391,122,4,50,27/10/2023,8:04:17,1
313,276,320,161,7,50,15/02/2023,2:35:01,4
314,147,368,355,10,15,27/03/2023,4:46:26,3
315,460,174,386,1,40,20/01/2023,17:22:17,
316,35,339,155,1,5,18/02/2023,7:29:34,
317,86,261,173,5,45,24/11/2023,18:50:40,
318,427,216,448,9,35,15/10/2023,21:12:14,1
319,408,38,143,9,5,01/12/2023,6:48:47,
320,246,441,271,7,35,15/07/2023,19:26:05,2
321,262,55,460,4,50,12/02/2023,18:46:09,
322,38,348,80,9,0,29/10/2023,21:24:01,3
323,428,52,355,5,50,07/08/2023,16:00:52,2
324,389,340,436,9,30,23/05/2023,10:09:12,1
325,400,396,294,8,35,08/04/2023,8:27:11,5
326,23,267,246,1,35,03/12/2023,13:37:38,1
327,124,383,269,7,35,03/04/2023,20:32:03,3
328,365,194,101,2,5,10/11/2023,9:19:27,1
329,169,59,160,9,0,28/07/2023,1:02:15,5
330,378,203,147,10,10,30/05/2023,1:41:34,1
331,317,393,438,7,45,08/04/2023,10:21:34,2
332,285,326,128,8,5,24/09/2023,1:41:35,1
333,399,94,264,10,35,09/09/2023,8:21:50,4
334,134,450,241,2,25,01/05/2023,7:19:12,2
335,364,457,378,8,35,21/11/2023,18:16:54,5
336,81,317,98,9,50,04/12/2023,23:19:51,3
337,418,36,414,3,10,10/07/2023,17:34:07,
338,26,95,34,4,40,17/04/2023,10:05:10,1
339,343,166,412,10,15,15/05/2023,10:47:08,5
340,385,165,382,8,25,17/07/2023,3:42:32,4
341,299,201,33,6,10,06/06/2023,13:02:22,
342,470,438,280,1,30,07/04/2023,13:29:50,2
343,45,151,51,8,0,08/06/2023,13:56:20,2
344,341,291,152,5,25,10/07/2023,17:29:59,
345,100,222,385,5,30,27/04/2023,4:50:32,2
346,305,158,101,10,0,28/05/2023,23:18:41,4
347,26,382,194,7,25,20/08/2023,22:19:48,2
348,128,156,499,2,50,28/02/2023,8:26:04,3
349,456,360,10,8,20,26/06/2023,14:49:35,5
350,394,461,208,7,40,14/03/2023,5:31:56,4
351,56,447,477,8,10,16/03/2023,15:29:02,5
352,443,167,98,8,40,21/01/2023,4:50:04,
353,225,35,245,7,10,18/04/2023,14:04:32,5
354,60,138,402,2,30,14/10/2023,10:47:11,2
355,281,376,12,4,45,06/01/2023,4:28:06,4
356,272,105,439,4,45,15/12/2023,15:49:40,1
357,410,178,338,4,15,08/05/2023,3:46:45,1
358,463,318,222,2,45,25/05/2023,10:43:49,
359,296,173,479,4,15,23/04/2023,7:10:09,3
360,357,135,260,10,40,26/05/2023,3:17:35,2
361,180,245,277,2,15,30/08/2023,9:29:58,
362,331,304,458,8,0,16/10/2023,2:44:46,1
363,314,176,30,1,15,26/02/2023,5:35:14,
364,275,273,488,8,0,24/08/2023,3:38:34,1
365,328,405,15,7,10,17/09/2023,6:16:34,1
366,148,480,221,6,20,31/01/2023,10:00:58,2
367,458,277,389,5,25,10/04/2023,6:24:01,2
368,128,70,322,3,25,12/05/2023,23:14:03,3
369,452,372,223,5,15,04/09/2023,13:38:21,
370,148,315,153,2,50,01/11/2023,19:01:51,2
371,486,434,470,1,35,27/07/2023,10:04:58,2
372,251,68,245,9,50,19/04/2023,12:54:55,
373,70,216,254,1,20,20/05/2023,9:33:05,2
374,426,316,280,2,50,26/05/2023,6:41:55,5
375,125,56,482,3,15,07/05/2023,16:29:28,1
376,152,159,42,8,35,26/01/2023,12:45:14,4
377,391,431,251,6,40,26/09/2023,11:03:15,1
378,260,258,291,8,30,03/11/2023,13:29:27,5
379,385,125,317,2,0,05/06/2023,1:41:44,3
380,409,299,29,7,50,11/08/2023,20:04:39,2
381,64,44,201,10,35,29/03/2023,23:06:26,
382,57,364,96,4,40,05/12/2023,17:05:05,1
383,285,172,194,9,40,10/04/2023,16:25:55,3
384,184,414,473,1,35,23/03/2023,9:40:47,5
385,474,334,378,8,30,04/04/2023,12:03:21,4
386,232,432,276,4,5,14/04/2023,22:20:18,1
387,184,347,52,9,20,01/04/2023,2:30:54,5
388,259,201,338,3,20,04/10/2023,2:12:26,4
389,410,252,368,4,5,04/11/2023,1:05:43,2
390,154,485,71,9,25,30/07/2023,8:11:04,3
391,91,216,232,1,40,08/07/2023,17:43:11,2
392,435,349,276,10,15,08/11/2023,19:23:42,
393,497,179,181,1,45,22/09/2023,3:35:43,3
394,181,156,248,1,40,01/06/2023,0:22:38,2
395,256,349,419,10,0,05/11/2023,6:43:00,5
396,34,124,163,5,30,01/05/2023,4:02:33,
397,111,482,143,5,35,10/07/2023,9:58:47,4
398,426,280,494,7,35,07/12/2023,6:17:35,5
399,199,296,178,8,25,24/07/2023,15:26:13,5
400,88,472,381,4,35,16/09/2023,6:16:07,4
401,446,362,422,2,25,04/06/2023,7:25:02,
402,390,89,150,9,20,22/11/2023,9:55:01,1
403,461,87,122,6,45,30/11/2023,10:23:17,
404,295,252,282,7,5,25/09/2023,10:16:23,4
405,134,362,213,5,20,26/02/2023,3:21:20,1
406,104,198,115,9,10,17/11/2023,5:25:11,2
407,220,112,380,1,15,15/02/2023,6:31:04,5
408,419,61,375,3,0,18/09/2023,15:30:18,1
409,223,310,499,9,35,15/10/2023,21:08:35,1
410,372,245,170,9,20,19/04/2023,10:26:28,5
411,422,459,20,6,15,01/10/2023,23:49:24,
412,239,2,96,7,20,05/10/2023,6:01:39,5
413,346,55,267,2,20,20/09/2023,4:45:22,5
414,78,438,331,10,10,31/01/2023,17:19:17,5
415,336,17,187,2,30,10/11/2023,18:37:12,2
416,291,289,480,6,50,18/06/2023,21:57:21,
417,442,460,408,4,40,25/07/2023,12:05:23,1
418,274,388,164,2,45,14/12/2023,10:18:08,2
419,457,307,22,8,10,25/02/2023,21:00:51,3
420,110,365,403,5,10,21/04/2023,21:42:15,2
421,191,263,128,4,5,26/11/2023,5:50:53,5
422,295,386,468,3,35,28/02/2023,5:30:28,3
423,161,350,392,2,15,07/07/2023,2:40:56,3
424,283,152,402,6,35,15/07/2023,22:41:56,2
425,196,457,410,9,15,29/06/2023,21:39:34,2
426,134,435,273,3,25,05/01/2023,16:43:21,2
427,259,481,276,6,35,10/05/2023,22:49:02,3
428,198,296,465,4,5,15/10/2023,13:10:31,
429,292,384,368,4,45,13/02/2023,18:11:38,1
430,130,257,89,8,35,20/04/2023,6:08:09,5
431,211,116,225,5,5,14/02/2023,15:39:29,5
432,251,130,323,5,25,13/02/2023,14:41:11,1
433,33,46,418,2,20,14/11/2023,10:45:21,5
434,110,84,312,10,30,04/10/2023,21:19:40,3
435,44,259,113,8,45,04/03/2023,18:11:42,3
436,311,177,316,7,40,07/01/2023,10:53:07,3
437,214,459,168,8,15,27/05/2023,20:30:23,2
438,386,334,273,7,15,24/03/2023,19:55:16,1
439,243,483,152,5,0,15/11/2023,3:33:29,3
440,403,155,464,7,50,10/09/2023,5:02:28,
441,154,338,169,8,15,21/08/2023,2:04:48,4
442,308,474,36,4,40,11/03/2023,17:41:07,1
443,328,277,60,1,25,04/11/2023,5:22:39,
444,334,165,166,9,10,08/11/2023,22:07:15,4
445,464,255,278,4,0,06/07/2023,13:27:33,1
446,193,242,270,2,45,07/07/2023,0:04:01,3
447,390,378,329,5,45,22/06/2023,10:43:05,3
448,436,248,162,10,25,06/12/2023,16:22:28,5
449,135,228,119,4,45,01/04/2023,12:06:23,3
450,221,219,177,1,5,19/09/2023,9:45:47,
451,47,51,250,8,40,02/03/2023,1:27:05,
452,72,79,423,5,10,14/11/2023,21:20:17,
453,265,228,76,10,0,24/01/2023,13:54:08,4
454,286,370,36,7,5,06/04/2023,0:38:52,4
455,107,321,419,7,15,06/10/2023,16:52:27,2
456,488,78,179,10,0,01/09/2023,20:15:05,4
457,192,328,26,8,30,22/06/2023,19:04:07,5
458,163,415,112,9,20,12/02/2023,3:36:43,4
459,164,424,370,2,5,24/08/2023,7:21:51,3
460,465,215,320,5,15,09/06/2023,11:47:52,3
461,489,481,125,9,5,16/01/2023,1:07:43,
462,193,340,315,7,15,31/05/2023,12:43:50,1
463,223,283,182,10,40,24/10/2023,22:08:12,5
464,80,65,397,5,50,07/04/2023,15:26:23,3
465,43,413,196,2,5,17/04/2023,18:06:59,2
466,316,11,54,1,50,19/07/2023,21:33:14,1
467,3,127,413,3,10,22/04/2023,23:33:22,1
468,227,158,267,10,15,06/08/2023,2:03:45,2
469,214,168,418,9,25,28/03/2023,17:18:44,3
470,180,89,78,10,40,30/07/2023,10:20:09,2
471,64,421,183,1,15,19/10/2023,13:05:24,1
472,114,357,326,6,15,19/07/2023,4:18:32,4
473,347,387,408,1,0,04/02/2023,8:01:32,3
474,116,381,340,4,40,20/04/2023,23:46:43,
475,472,11,235,1,10,02/10/2023,13:48:09,4
476,31,316,243,10,5,11/03/2023,10:05:22,
477,358,472,230,3,30,23/07/2023,3:37:46,1
478,423,321,161,1,50,31/05/2023,17:18:42,4
479,410,131,275,4,10,22/06/2023,3:21:31,4
480,244,135,46,6,35,03/06/2023,5:43:33,4
481,73,367,6,6,40,06/09/2023,9:49:56,3
482,325,225,410,10,40,25/08/2023,6:37:21,2
483,498,162,496,3,50,03/03/2023,5:14:51,2
484,157,100,72,9,5,05/03/2023,11:17:22,
485,269,238,78,8,30,28/05/2023,2:31:05,
486,148,483,103,5,20,27/07/2023,17:15:49,
487,313,155,345,9,15,06/12/2023,18:06:25,5
488,423,183,269,4,0,26/10/2023,20:27:05,4
489,361,44,474,8,40,09/03/2023,13:59:09,
490,324,275,443,7,40,21/02/2023,10:00:10,1
491,307,439,467,5,15,28/03/2023,16:19:51,4
492,25,399,453,5,10,01/01/2023,21:26:49,3
493,125,11,363,7,40,08/03/2023,22:41:19,5
494,238,9,422,1,10,01/09/2023,4:00:23,2
495,7,226,8,10,5,11/04/2023,19:43:03,2
496,491,426,200,1,45,20/06/2023,8:04:44,2
497,18,193,96,4,35,19/06/2023,5:42:08,1
498,234,429,335,9,40,23/07/2023,2:39:36,
499,399,234,442,3,20,26/10/2023,16:18:58,
500,487,298,448,1,25,02/09/2023,7:04:52,
501,369,128,84,7,30,08/07/2023,10:30:33,1
502,386,246,4,1,45,13/05/2023,0:48:51,4
503,226,290,352,10,30,09/02/2023,7:12:58,
504,337,319,105,1,25,06/12/2023,12:23:31,1
505,238,255,223,3,15,25/09/2023,23:02:54,2
506,37,478,236,5,15,21/05/2023,7:04:36,3
507,353,457,311,9,10,13/09/2023,0:04:22,4
508,406,295,496,10,30,02/07/2023,2:03:06,1
509,93,179,242,2,0,01/02/2023,9:33:20,4
510,312,385,26,3,5,08/06/2023,4:37:07,4
511,316,358,349,2,10,04/11/2023,17:01:36,1
512,445,132,277,8,5,20/03/2023,0:28:30,4
513,187,54,149,2,0,27/06/2023,15:51:56,3
514,412,125,401,9,25,04/09/2023,13:50:28,4
515,136,207,407,2,20,31/07/2023,17:23:11,5
516,193,346,200,5,0,01/07/2023,1:28:50,3
517,319,212,469,3,45,29/07/2023,4:22:36,
518,3,129,300,2,25,22/09/2023,8:36:08,2
519,447,197,238,4,50,05/02/2023,16:09:24,5
520,190,387,307,5,5,21/05/2023,3:22:49,1
521,342,236,267,6,40,09/09/2023,19:35:07,3
522,264,262,370,2,40,24/05/2023,7:02:11,3
523,482,31,375,6,5,19/12/2023,16:27:41,1
524,419,322,234,7,45,17/07/2023,22:34:07,
525,353,80,413,5,50,11/06/2023,9:16:06,2
526,485,294,493,4,40,17/01/2023,5:45:16,1
527,193,60,469,8,40,18/03/2023,22:44:44,1
528,186,65,212,6,45,26/04/2023,11:30:33,1
529,26,381,285,9,35,10/11/2023,9:20:31,3
530,199,288,131,2,10,26/05/2023,2:12:46,4
531,37,270,322,10,50,05/02/2023,15:42:47,3
532,9,462,209,10,10,25/05/2023,19:56:46,1
533,294,302,286,5,10,15/01/2023,20:09:11,5
534,60,91,467,3,5,08/11/2023,14:11:12,2
535,474,370,173,3,15,18/09/2023,15:53:38,2
536,110,416,8,1,10,15/05/2023,5:11:33,4
537,294,10,402,4,50,01/01/2023,15:49:42,
538,309,469,20,6,15,21/06/2023,19:14:27,3
539,165,64,204,1,0,18/09/2023,7:40:09,
540,187,41,411,10,40,30/05/2023,2:22:54,5
541,256,429,148,5,5,21/02/2023,3:37:48,5
542,399,452,64,9,20,14/03/2023,9:48:03,5
543,211,195,428,1,0,12/03/2023,4:20:20,
544,344,256,50,7,40,26/11/2023,16:25:09,1
545,78,156,410,2,40,07/12/2023,7:24:37,5
546,65,332,495,3,40,20/03/2023,20:10:37,2
547,351,133,285,6,50,02/09/2023,0:50:11,1
548,95,206,406,2,10,25/01/2023,4:33:01,
549,79,463,475,7,10,03/04/2023,13:34:04,5
550,260,498,311,8,45,26/11/2023,7:54:33,4
551,364,145,294,9,40,27/05/2023,4:37:27,1
552,2,83,1,3,50,28/04/2023,2:48:46,3
553,143,12,480,4,10,14/09/2023,6:25:20,1
554,243,8,316,1,20,06/04/2023,7:42:16,5
555,351,490,391,4,10,14/08/2023,3:34:11,2
556,194,254,20,5,40,04/09/2023,14:03:25,
557,64,267,392,5,50,27/12/2023,17:31:45,3
558,358,323,399,9,35,19/02/2023,0:41:42,1
559,436,19,325,4,5,27/04/2023,4:39:49,5
560,296,194,242,5,0,07/09/2023,23:17:51,
561,75,280,463,3,25,29/03/2023,23:21:54,1
562,38,140,204,9,0,08/05/2023,1:41:17,1
563,224,338,250,6,5,12/07/2023,4:00:52,
564,315,268,335,10,10,18/10/2023,20:19:49,3
565,384,230,154,4,30,16/12/2023,7:49:10,3
566,400,384,123,5,45,09/12/2023,4:03:41,
567,40,232,23,6,0,14/07/2023,2:19:19,4
568,308,323,289,1,15,06/09/2023,22:40:25,
569,276,398,118,3,45,23/02/2023,15:54:13,
570,118,444,13,10,15,30/09/2023,18:08:06,
571,424,235,353,5,25,17/06/2023,23:21:35,3
572,200,416,153,6,0,23/10/2023,18:00:44,5
573,284,161,267,4,35,12/07/2023,3:22:27,2
574,222,476,54,4,10,23/05/2023,10:40:34,
575,326,399,238,9,15,28/06/2023,4:45:21,2
576,278,356,345,6,5,06/06/2023,6:48:55,5
577,14,192,321,10,50,14/10/2023,20:22:17,2
578,265,357,52,6,20,22/03/2023,17:35:49,3
579,104,63,152,4,20,03/03/2023,15:17:10,3
580,90,382,238,8,5,07/04/2023,20:13:32,3
581,119,355,168,3,20,10/05/2023,6:17:17,3
582,242,183,71,10,5,06/03/2023,5:45:39,2
583,262,154,288,1,35,01/11/2023,9:23:21,5
584,61,201,172,5,45,17/09/2023,19:54:17,4
585,82,431,156,10,20,28/06/2023,13:07:07,
586,252,224,312,10,40,12/03/2023,16:01:30,
587,413,79,215,10,0,21/07/2023,16:21:32,
588,495,376,172,9,10,15/09/2023,3:45:09,2
589,115,255,222,9,5,03/06/2023,8:45:51,5
590,104,487,380,9,5,22/10/2023,14:41:10,
591,291,495,161,3,45,26/08/2023,18:21:34,4
592,315,179,53,9,20,25/10/2023,13:50:33,1
593,92,292,423,7,45,04/05/2023,8:29:48,4
594,383,381,327,10,30,04/05/2023,1:34:04,4
595,146,165,457,4,40,19/11/2023,22:01:28,1
596,440,31,204,8,30,16/08/2023,3:45:52,
597,126,256,138,4,40,07/06/2023,0:13:29,
598,226,466,334,6,15,16/10/2023,7:19:18,2
599,77,447,172,4,45,19/05/2023,6:40:30,2
600,228,362,76,3,30,01/06/2023,20:11:32,5
601,132,54,270,6,35,13/08/2023,6:22:00,4
602,325,159,387,9,50,27/10/2023,6:40:59,1
603,128,326,218,6,50,15/08/2023,4:53:14,4
604,495,177,289,2,25,16/09/2023,3:23:53,
605,288,345,55,10,20,09/08/2023,8:31:14,3
606,73,394,499,3,40,01/05/2023,1:10:29,1
607,326,489,1,10,20,16/08/2023,20:13:53,
608,210,404,463,2,30,22/10/2023,6:26:04,
609,427,370,335,2,45,03/10/2023,21:03:37,5
610,215,371,35,4,30,10/08/2023,3:34:06,1
611,35,46,481,1,20,29/08/2023,0:38:26,
612,409,410,295,1,40,07/10/2023,21:21:23,
613,74,126,47,9,0,06/01/2023,2:55:53,5
614,65,109,65,10,20,29/06/2023,6:45:15,
615,218,434,475,1,0,25/07/2023,10:52:48,3
616,381,291,471,6,35,22/04/2023,5:53:36,3
617,108,173,34,4,30,05/07/2023,13:27:37,1
618,221,372,333,8,50,25/11/2023,19:30:39,5
619,428,337,288,1,50,10/01/2023,10:27:35,5
620,122,380,100,10,20,23/05/2023,23:46:27,3
621,366,398,384,10,20,02/01/2023,15:36:20,4
622,372,411,396,7,5,25/02/2023,1:29:02,3
623,494,9,52,8,0,19/05/2023,11:23:54,1
624,295,402,403,5,5,19/10/2023,23:18:53,3
625,309,477,302,2,35,05/02/2023,17:59:01,3
626,462,115,216,3,0,22/06/2023,14:45:01,2
627,397,145,57,3,25,14/10/2023,5:47:47,
628,13,159,414,4,40,24/05/2023,6:53:41,4
629,466,418,376,4,30,02/05/2023,15:07:08,3
630,452,230,14,2,35,07/08/2023,15:48:44,3
631,189,85,354,3,45,05/04/2023,21:04:13,4
632,451,122,227,2,40,08/11/2023,4:05:33,
633,266,11,213,4,15,23/09/2023,6:52:49,2
634,253,147,482,4,5,09/03/2023,4:37:07,3
635,480,303,134,3,15,25/12/2023,6:49:16,
636,118,236,238,5,35,15/12/2023,9:40:02,1
637,1,114,490,7,10,12/03/2023,20:26:52,2
638,496,68,331,8,15,11/03/2023,7:12:23,
639,100,382,202,3,35,26/02/2023,17:29:20,3
640,36,308,32,6,15,30/07/2023,7:56:40,2
641,492,35,56,7,0,27/12/2023,2:55:02,
642,136,235,170,9,45,28/03/2023,10:02:32,
643,58,428,366,8,35,21/08/2023,21:54:26,
644,357,24,154,4,0,14/02/2023,22:30:57,4
645,431,24,407,3,30,18/12/2023,12:47:57,4
646,393,366,29,3,50,23/01/2023,14:55:38,
647,211,400,252,7,35,10/05/2023,16:49:50,2
648,399,319,413,7,20,24/03/2023,15:09:52,2
649,131,415,69,9,35,14/01/2023,14:54:00,
650,306,452,173,10,35,10/10/2023,9:48:54,4
651,63,400,322,3,25,17/12/2023,9:39:59,2
652,426,230,149,9,30,24/03/2023,22:27:18,2
653,249,268,115,4,30,13/05/2023,12:05:00,3
654,275,155,240,6,35,14/02/2023,19:07:49,1
655,365,253,261,2,40,18/02/2023,7:58:52,1
656,318,10,196,7,30,29/06/2023,21:24:08,4
657,483,184,174,6,0,13/07/2023,8:43:59,4
658,24,99,434,3,40,03/11/2023,14:13:50,3
659,265,243,116,2,20,21/06/2023,11:14:56,4
660,87,82,325,2,50,22/12/2023,13:02:16,2
661,279,473,145,8,30,16/03/2023,12:12:54,3
662,136,148,255,9,10,01/07/2023,10:08:51,1
663,100,450,241,3,15,30/07/2023,3:12:02,
664,142,129,100,6,25,28/11/2023,21:24:15,2
665,201,151,257,10,20,03/09/2023,10:06:09,1
666,379,412,152,4,20,13/05/2023,13:14:54,2
667,325,282,204,8,45,13/12/2023,4:31:02,
668,389,272,453,2,5,23/02/2023,4:18:44,5
669,473,15,40,3,50,04/02/2023,18:19:21,4
670,1,353,311,3,0,20/12/2023,18:53:25,5
671,402,280,250,3,35,02/10/2023,16:35:41,2
672,268,317,333,3,35,05/09/2023,3:53:32,4
673,53,224,425,4,50,24/05/2023,4:05:34,1
674,453,287,154,9,15,12/02/2023,3:03:15,1
675,197,306,297,3,35,09/02/2023,12:52:30,1
676,143,378,125,6,35,05/08/2023,11:32:47,5
677,173,455,241,5,50,06/03/2023,19:59:03,2
678,81,154,156,9,20,15/06/2023,16:26:53,5
679,208,52,262,10,10,23/06/2023,22:42:11,
680,256,446,296,9,10,20/02/2023,17:11:58,3
681,125,166,458,9,0,28/07/2023,21:24:18,2
682,250,103,488,4,5,01/09/2023,19:50:08,3
683,250,165,328,6,50,10/10/2023,5:51:24,4
684,267,290,6,7,45,28/01/2023,21:10:57,
685,39,64,405,6,5,03/12/2023,23:16:52,3
686,65,135,110,2,40,23/11/2023,4:56:53,5
687,147,159,45,4,35,14/03/2023,17:14:42,3
688,425,274,24,5,5,26/04/2023,8:30:24,
689,147,215,139,7,15,17/07/2023,7:21:15,1
690,346,247,191,4,5,15/02/2023,14:58:38,2
691,175,194,291,2,15,01/07/2023,4:42:47,2
692,225,59,317,10,35,12/11/2023,19:22:46,3
693,311,463,297,10,35,26/12/2023,6:34:52,2
694,398,379,456,5,5,23/02/2023,3:06:09,
695,374,346,43,2,5,30/01/2023,19:58:45,1
696,431,355,291,9,50,28/01/2023,1:49:25,4
697,158,485,480,3,30,16/01/2023,0:09:52,4
698,161,31,261,3,5,06/10/2023,17:59:33,4
699,431,126,340,4,50,06/02/2023,6:43:37,2
700,254,338,66,3,45,01/08/2023,9:35:00,5
701,456,139,319,10,15,17/01/2023,12:40:57,1
702,293,212,196,6,20,27/03/2023,17:45:16,2
703,444,99,94,1,40,04/10/2023,16:14:21,1
704,299,397,417,8,40,03/01/2023,5:24:17,1
705,310,128,472,2,45,27/11/2023,7:36:22,2
706,45,34,445,3,5,22/05/2023,13:13:18,2
707,247,385,350,5,0,17/05/2023,11:01:56,3
708,250,368,433,7,15,18/07/2023,5:13:42,4
709,497,323,53,10,0,01/09/2023,16:57:03,
710,220,151,194,10,5,27/05/2023,10:04:34,
711,95,37,42,7,10,01/08/2023,6:47:05,2
712,186,307,144,6,40,25/06/2023,10:27:36,4
713,64,386,13,7,30,17/03/2023,10:16:50,2
714,148,339,337,2,25,26/06/2023,11:08:20,3
715,459,467,476,5,25,11/01/2023,7:06:26,5
716,217,310,454,10,25,08/05/2023,2:15:27,
717,354,49,400,6,5,14/04/2023,12:01:00,2
718,16,395,320,10,40,17/02/2023,10:31:34,2
719,222,200,461,5,0,31/10/2023,17:28:52,3
720,63,260,419,5,30,04/07/2023,4:21:44,1
721,466,120,36,7,5,01/04/2023,9:15:05,
722,57,271,64,6,30,18/06/2023,16:53:48,2
723,68,263,59,6,30,09/12/2023,19:10:41,
724,138,440,291,9,0,23/10/2023,1:50:13,2
725,68,182,315,10,25,19/07/2023,3:59:27,
726,311,341,114,2,40,24/07/2023,14:01:43,
727,210,268,133,9,30,07/11/2023,7:31:09,2
728,241,288,390,6,30,14/09/2023,10:19:27,5
729,427,310,149,9,20,29/08/2023,7:35:11,
730,265,295,273,1,10,17/04/2023,5:23:55,3
731,142,332,137,8,35,27/03/2023,4:27:05,1
732,91,263,260,9,30,14/07/2023,21:34:40,
733,307,314,282,4,0,26/05/2023,14:31:31,2
734,352,262,30,9,0,04/12/2023,13:04:50,
735,195,117,421,2,10,26/02/2023,17:47:41,4
736,269,379,212,3,20,29/05/2023,9:16:12,4
737,24,229,45,9,45,05/08/2023,8:56:32,
738,402,53,225,10,45,28/07/2023,6:17:22,
739,145,155,234,7,30,07/06/2023,19:41:47,1
740,124,500,195,2,40,04/05/2023,13:00:51,5
741,449,347,234,2,45,10/02/2023,18:02:03,
742,333,328,381,7,15,30/10/2023,5:43:42,
743,9,270,330,1,20,08/05/2023,11:35:30,2
744,56,423,232,2,40,31/07/2023,4:33:06,5
745,309,467,276,10,40,22/10/2023,10:25:52,
746,139,133,9,4,35,25/10/2023,23:48:37,2
747,86,424,428,7,45,06/01/2023,16:09:38,2
748,177,383,478,5,0,23/04/2023,13:19:34,4
749,458,224,244,9,40,23/06/2023,19:12:18,
750,324,97,169,4,15,10/09/2023,4:00:51,4
751,357,357,362,9,35,30/03/2023,20:43:09,2
752,296,124,214,3,15,31/01/2023,3:33:36,4
753,269,441,359,9,45,21/11/2023,0:49:42,
754,80,219,118,3,5,11/02/2023,4:23:09,4
755,321,390,362,5,10,17/01/2023,12:09:54,
756,422,405,465,8,30,08/11/2023,21:07:40,2
757,311,97,361,10,50,11/12/2023,19:16:44,1
758,411,264,225,9,35,02/09/2023,17:54:34,1
759,11,298,32,6,50,10/09/2023,6:32:59,
760,240,383,345,2,45,04/02/2023,18:23:28,
761,229,245,235,4,35,21/08/2023,6:21:32,2
762,196,178,234,5,50,30/08/2023,11:04:12,5
763,409,25,226,4,35,01/02/2023,0:19:08,4
764,192,16,232,2,15,19/07/2023,3:10:46,4
765,102,193,487,3,30,01/07/2023,20:00:24,2
766,313,234,174,1,15,26/11/2023,18:16:22,3
767,285,5,226,7,5,01/08/2023,13:20:57,4
768,446,397,211,2,15,06/09/2023,10:29:28,5
769,373,377,409,8,10,23/09/2023,3:34:41,4
770,419,224,18,5,0,26/07/2023,18:59:18,3
771,6,185,157,7,30,15/11/2023,7:00:30,
772,31,93,185,6,35,15/08/2023,16:52:39,4
773,212,448,495,3,50,16/06/2023,3:23:13,5
774,457,126,144,2,0,17/07/2023,0:27:31,2
775,231,140,59,1,0,26/12/2023,17:39:13,4
776,208,268,438,10,40,17/07/2023,15:05:29,2
777,54,485,67,9,35,02/10/2023,6:12:13,
778,34,32,124,8,20,14/03/2023,6:33:51,
779,330,32,282,2,35,14/11/2023,4:13:57,3
780,39,111,82,9,35,24/04/2023,13:12:04,2
781,255,17,46,6,35,02/10/2023,18:17:00,2
782,379,111,158,6,25,13/09/2023,4:53:52,
783,121,421,255,10,40,25/12/2023,0:44:22,5
784,60,102,1,8,15,11/10/2023,14:07:07,5
785,50,125,146,3,15,18/08/2023,22:19:07,1
786,50,19,423,2,45,15/05/2023,17:59:39,2
787,361,286,445,2,5,16/06/2023,10:12:40,4
788,168,241,96,3,15,26/05/2023,8:50:43,2
789,171,2,446,7,25,15/05/2023,6:29:58,3
790,229,381,261,6,5,25/11/2023,5:40:02,5
791,1,395,143,10,15,22/04/2023,6:29:15,2
792,244,302,246,3,45,05/07/2023,0:58:08,3
793,455,332,139,6,5,31/10/2023,17:00:17,2
794,195,309,34,9,40,03/06/2023,4:37:10,2
795,37,98,134,5,40,17/10/2023,11:31:57,3
796,349,399,381,2,20,30/01/2023,13:50:21,
797,337,195,147,2,35,10/06/2023,3:03:01,
798,122,154,392,9,30,14/04/2023,20:34:48,3
799,332,327,192,3,20,19/10/2023,21:08:31,3
800,185,288,325,7,0,25/09/2023,5:30:47,5
801,380,142,132,3,15,21/09/2023,4:32:43,5
802,433,173,385,10,20,11/08/2023,5:17:43,3
803,136,324,288,9,40,16/11/2023,21:27:08,
804,447,170,348,9,0,09/07/2023,0:53:46,1
805,237,349,401,2,10,19/12/2023,13:00:38,
806,285,408,397,4,25,09/07/2023,14:42:19,4
807,254,208,156,5,50,07/08/2023,19:45:51,4
808,188,262,484,8,25,22/02/2023,16:28:58,4
809,270,87,113,7,50,28/02/2023,12:24:08,4
810,327,19,198,8,5,15/08/2023,14:35:26,
811,318,407,294,8,40,11/01/2023,21:20:17,3
812,346,384,383,10,40,04/01/2023,16:03:00,3
813,356,83,276,6,30,20/06/2023,12:06:42,2
814,175,59,170,10,40,03/09/2023,5:24:36,4
815,165,389,20,1,50,06/02/2023,13:49:21,2
816,405,353,121,8,5,22/03/2023,16:09:49,4
817,371,307,380,3,50,12/07/2023,17:18:31,4
818,346,273,212,9,5,09/09/2023,12:11:26,
819,444,201,153,7,40,16/11/2023,2:28:56,2
820,143,50,464,9,5,11/03/2023,15:58:25,
821,267,17,313,3,35,01/08/2023,9:41:16,2
822,457,180,61,8,45,30/01/2023,20:23:26,5
823,49,195,308,5,35,27/07/2023,23:12:03,1
824,58,207,450,1,15,06/11/2023,9:45:02,1
825,416,497,62,3,15,17/04/2023,15:04:47,1
826,234,335,352,5,30,21/06/2023,0:24:58,4
827,170,103,144,8,10,12/08/2023,23:33:21,2
828,148,256,411,7,0,30/07/2023,5:15:24,4
829,254,359,491,9,40,04/05/2023,9:08:14,2
830,435,190,379,1,0,08/02/2023,8:36:30,5
831,408,36,271,4,45,21/06/2023,18:31:28,1
832,77,54,485,5,40,23/07/2023,8:34:03,
833,154,191,258,1,35,23/07/2023,7:02:52,3
834,30,103,182,3,15,18/01/2023,5:57:31,
835,91,123,11,8,25,21/10/2023,5:40:29,4
836,425,434,5,6,20,09/05/2023,8:49:44,2
837,405,171,267,7,45,20/06/2023,7:24:24,3
838,358,198,204,2,30,19/12/2023,9:07:38,
839,305,393,345,4,45,25/03/2023,8:44:33,4
840,266,86,123,4,5,10/06/2023,10:50:06,
841,53,460,500,2,30,25/11/2023,13:28:42,2
842,411,115,401,3,10,26/07/2023,4:57:58,
843,169,481,258,6,5,05/07/2023,13:09:54,2
844,106,202,479,4,50,16/07/2023,15:31:10,5
845,173,62,15,3,45,10/08/2023,20:15:13,1
846,109,76,497,10,50,14/10/2023,15:49:06,1
847,304,228,62,7,15,20/09/2023,12:42:39,3
848,212,193,273,2,50,29/04/2023,0:01:46,
849,317,248,103,9,25,19/08/2023,6:04:21,5
850,96,133,393,2,0,09/08/2023,13:28:36,1
851,286,138,463,4,50,22/08/2023,3:12:00,4
852,234,465,454,1,45,15/04/2023,17:30:21,
853,102,60,197,10,20,12/03/2023,4:09:25,
854,341,258,60,10,30,25/01/2023,13:16:46,1
855,332,4,375,2,45,02/06/2023,20:30:20,5
856,205,291,246,3,20,09/01/2023,16:02:13,1
857,182,346,435,4,50,11/06/2023,7:22:08,2
858,33,30,163,10,25,30/12/2023,10:14:37,3
859,281,465,440,3,30,07/12/2023,6:56:17,2
860,323,100,373,1,25,21/08/2023,4:08:40,
861,89,179,219,1,35,05/09/2023,0:35:43,5
862,176,127,26,6,15,28/07/2023,3:02:33,1
863,54,225,434,2,30,22/04/2023,22:52:50,3
864,127,236,344,3,45,09/08/2023,11:22:53,3
865,487,318,197,6,15,15/05/2023,4:32:15,4
866,160,419,190,7,35,17/04/2023,0:44:58,
867,137,152,379,7,0,15/10/2023,13:00:41,
868,230,73,361,6,45,26/12/2023,18:28:36,
869,163,134,377,5,15,29/08/2023,0:33:06,5
870,428,54,465,3,45,04/03/2023,7:25:45,3
871,275,74,203,4,30,22/03/2023,5:42:20,2
872,276,328,213,4,35,09/04/2023,18:46:34,2
873,375,57,171,7,50,05/01/2023,17:08:49,4
874,499,29,498,1,50,19/09/2023,13:59:31,2
875,324,487,84,9,30,06/09/2023,15:21:30,4
876,187,192,30,2,10,02/01/2023,6:29:47,3
877,64,23,323,10,45,01/09/2023,13:48:44,
878,253,339,345,8,20,06/12/2023,23:58:45,
879,124,387,36,1,20,29/08/2023,10:35:19,1
880,331,39,320,3,40,28/02/2023,22:42:20,2
881,11,30,325,8,0,27/01/2023,18:36:22,
882,433,395,382,4,35,10/06/2023,1:04:45,5
883,347,462,19,9,50,30/06/2023,18:34:56,3
884,481,4,498,6,35,31/10/2023,9:32:41,2
885,89,360,478,5,30,03/08/2023,16:54:37,
886,58,102,284,8,15,09/12/2023,9:33:31,5
887,94,123,421,1,25,24/08/2023,3:09:16,5
888,422,478,97,6,45,19/12/2023,9:35:01,
889,114,124,371,1,45,13/03/2023,3:32:54,3
890,307,385,246,9,40,18/07/2023,16:34:20,3
891,325,216,214,7,45,18/05/2023,22:20:53,2
892,267,129,487,7,20,15/08/2023,22:44:51,4
893,458,18,496,10,50,22/03/2023,4:47:12,2
894,126,42,200,5,45,14/12/2023,8:43:39,
895,305,34,243,4,35,24/04/2023,11:43:20,4
896,77,18,64,7,5,18/06/2023,19:41:58,2
897,271,137,25,5,5,09/01/2023,6:16:51,1
898,366,279,487,6,25,03/09/2023,2:40:32,3
899,105,161,460,2,40,30/12/2023,1:02:48,2
900,7,287,227,8,30,30/09/2023,7:39:43,
901,60,338,299,7,45,02/09/2023,11:33:49,
902,42,267,462,6,5,16/04/2023,5:56:45,
903,221,479,496,9,25,20/08/2023,15:04:37,
904,384,205,254,8,0,13/09/2023,7:56:17,4
905,399,493,238,7,10,12/06/2023,0:11:06,
906,428,244,216,3,25,06/07/2023,8:31:49,2
907,322,361,144,8,20,24/11/2023,10:36:11,2
908,182,168,394,5,10,12/03/2023,6:11:03,5
909,69,418,434,1,0,08/09/2023,15:07:14,3
910,54,155,156,10,5,26/12/2023,9:22:41,
911,194,307,243,10,0,03/01/2023,15:30:42,2
912,79,315,361,6,40,05/11/2023,10:22:19,1
913,78,337,275,5,5,14/06/2023,3:10:21,5
914,300,307,383,2,50,09/01/2023,8:38:35,3
915,376,347,111,10,5,05/02/2023,17:09:21,2
916,193,431,241,8,50,12/12/2023,14:08:12,2
917,135,244,263,4,35,19/09/2023,9:30:45,
918,490,235,290,7,20,14/05/2023,19:22:03,1
919,381,497,48,4,0,05/12/2023,0:13:33,4
920,35,275,408,9,45,17/01/2023,16:59:00,5
921,313,77,425,10,45,14/05/2023,10:35:21,1
922,179,236,240,3,10,15/07/2023,14:38:51,4
923,340,470,171,6,10,25/06/2023,13:18:13,
924,448,339,203,8,15,27/01/2023,7:17:10,5
925,15,80,213,2,25,20/04/2023,2:36:22,5
926,252,107,239,2,45,21/03/2023,1:32:33,
927,384,35,369,5,5,28/07/2023,6:01:05,2
928,319,260,277,2,45,29/07/2023,14:51:58,
929,275,87,477,5,40,18/09/2023,21:34:23,4
930,31,284,148,2,5,23/12/2023,2:03:53,
931,241,357,433,8,50,01/11/2023,12:34:00,
932,299,171,106,5,30,14/09/2023,20:32:37,1
933,52,438,446,5,30,07/06/2023,4:06:30,1
934,197,239,169,6,20,27/10/2023,11:00:48,3
935,248,354,116,2,15,28/01/2023,18:08:04,5
936,272,367,331,9,25,18/12/2023,8:39:48,2
937,224,37,127,6,5,31/03/2023,3:07:39,3
938,125,116,198,4,20,19/12/2023,10:25:13,
939,46,471,250,5,35,05/09/2023,23:04:51,
940,278,386,43,7,0,27/02/2023,5:04:20,2
941,239,162,340,8,20,17/09/2023,13:38:04,4
942,203,246,438,5,5,03/12/2023,13:31:55,1
943,375,90,85,3,20,14/04/2023,17:23:53,5
944,87,145,130,1,45,20/01/2023,20:23:34,5
945,136,320,141,3,0,17/07/2023,10:23:48,1
946,308,408,185,1,50,10/10/2023,17:38:56,
947,291,230,239,5,50,27/03/2023,16:08:20,4
948,329,80,472,7,35,17/11/2023,19:04:40,1
949,458,70,464,8,20,27/03/2023,7:11:59,4
950,321,365,427,5,20,05/05/2023,8:25:17,2
951,285,237,424,8,10,14/10/2023,8:55:15,
952,145,445,62,5,50,05/10/2023,14:33:20,4
953,406,451,83,6,25,22/02/2023,18:22:46,1
954,73,319,461,8,25,31/10/2023,12:27:22,
955,152,400,421,6,35,18/07/2023,8:02:27,4
956,354,310,197,8,5,06/05/2023,13:41:34,
957,194,441,169,3,20,27/02/2023,19:53:22,4
958,61,139,184,4,10,06/11/2023,18:08:25,
959,83,96,433,10,10,29/07/2023,22:03:28,5
960,247,25,390,9,0,27/10/2023,6:42:32,
961,168,317,75,9,35,20/12/2023,9:16:16,
962,369,154,142,8,25,01/06/2023,19:59:25,1
963,49,75,389,9,10,07/08/2023,9:57:52,4
964,139,240,399,4,15,16/06/2023,1:47:54,2
965,225,195,30,7,5,12/10/2023,14:03:47,1
966,460,336,348,3,0,29/07/2023,2:37:26,3
967,454,95,250,3,20,08/07/2023,22:16:53,3
968,76,371,137,2,10,13/01/2023,20:04:45,3
969,50,104,157,5,40,21/11/2023,15:25:32,2
970,153,406,55,6,45,12/04/2023,6:48:13,
971,261,205,483,10,30,26/03/2023,13:10:53,1
972,64,68,110,6,25,24/01/2023,19:51:24,5
973,374,70,168,2,0,19/12/2023,6:47:14,
974,37,359,354,1,30,26/12/2023,19:28:00,2
975,420,195,140,1,40,11/09/2023,21:05:52,4
976,496,7,248,9,25,27/02/2023,8:54:50,4
977,461,262,280,8,25,01/01/2023,7:34:13,5
978,310,316,372,2,40,21/06/2023,20:05:18,2
979,359,209,468,9,10,29/05/2023,11:00:55,4
980,326,151,116,9,30,09/08/2023,14:12:59,4
981,487,294,114,9,10,26/02/2023,9:02:15,4
982,353,306,319,10,25,12/07/2023,14:39:17,2
983,452,303,315,10,15,28/02/2023,10:06:47,5
984,191,293,90,1,0,12/03/2023,0:15:53,1
985,80,188,32,5,0,21/12/2023,0:34:18,2
986,429,5,112,6,50,30/11/2023,2:20:04,1
987,113,419,485,9,45,11/03/2023,12:42:47,5
988,41,74,94,5,25,21/03/2023,18:13:54,5
989,286,312,247,8,45,02/05/2023,10:11:21,3
990,121,252,386,7,15,02/03/2023,4:46:23,5
991,153,12,270,7,40,15/08/2023,9:21:51,1
992,250,342,228,6,40,25/03/2023,6:08:36,5
993,478,31,392,6,45,10/10/2023,8:37:06,4
994,330,393,220,1,10,18/08/2023,22:08:43,5
995,128,298,390,10,15,29/10/2023,0:45:00,
996,297,364,308,10,0,23/09/2023,17:16:27,
997,318,142,459,9,10,26/01/2023,1:00:15,1
998,289,438,188,3,5,03/01/2023,3:36:11,1
999,132,241,274,2,40,03/04/2023,21:02:37,3
1000,405,400,37,3,45,13/08/2023,21:26:17,
